mandarin,japanese
嗨。,行け。
你好。,行きなさい。
你用跑的。,こんにちは。
等等！,やっほー。
你好。,こんにちは！
让我来。,走れ。
我赢了。,走って！
不会吧。,誰？
乾杯!,すごい！
你懂了吗？,ワォ！
他跑了。,わぉ！
跳进来。,火事だ！
我迷失了。,火事！
我退出。,撃て！
我沒事。,助けて！
听着。,飛び越えろ！
不可能！,跳べ！
没门！,飛び降りろ！
你确定？,飛び跳ねて！
试试吧。,ジャンプして！
我们来试试。,跳べ！
为什么是我？,飛び跳ねて！
去问汤姆。,ジャンプして！
冷静点。,やめろ！
公平点。,止まれ！
友善点。,待って！
和气点。,続けて。
联系我。,進んで。
联系我们。,進め。
进来。,続けろ。
找到汤姆。,こんにちは。
滾出去！,もしもし。
出去！,こんにちは！
走開！,急げ！
滾！,なるほど。
走開！,なるほどね。
再见！,わかった。
告辞！,わかりました。
等一下！,そうですか。
他来了。,そうなんだ。
他跑。,そっか。
帮我一下。,頑張ってみる。
帮帮我们吧！,やってみる。
坚持。,試してみる。
抱抱汤姆！,やってみよう！
我同意。,トライしてみる。
我生病了。,俺の勝ちー！
我老了。,勝ったぁ！
没关系。,勝ったぞ！
是我。,私の勝ち！
来加入我们吧。,私が勝ち！
留着吧。,なんてこった！
吻我。,なんてことだ！
完美！,しまった！
再见！,あー、しまった！
閉嘴！,うわ、しまった！
不管它。,何てことだ！
拿走吧。,落ち着いて。
醒醒！,くつろいで。
去清洗一下。,リラックスして。
我们知道。,楽にしてください。
欢迎。,撃て！
谁赢了？,はい、チーズ。
为什么不？,にっこり笑って。
你跑。,乾杯！
往后退点。,動くな！
静静的，别动。,起きなさい！
我一无所知。,起きなさい。
把他铐上。,起きろ！
往前开。,さあ、行っといで。
走開！,捕まえた。
滾！,分かった！
趴下！,彼は走った。
滾！,彼が走った。
醒醒吧。,乗れよ。
做得好！,さあ乗って。
干的好！,抱きしめて。
抓住汤姆。,ぎゅーして。
抓住他。,分かってる。
玩得開心。,分かってます。
他来试试。,出発した
你就随了我的意吧。,負けた・・・。
趕快!,私、辞めます。
快点！,やめた。
我忘了。,１９歳です。
我放弃。,大丈夫ですよ。
我來付錢。,私は大丈夫です。
我很忙。,起きてるよ。
我冷。,聞きなさい。
我很好。,聞いて！
我吃飽了。,馬鹿な！
我生病了。,あり得ねぇー。
我病了。,とんでもない！
我个子高。,とんでもございません！
让我一个人呆会儿。,とんでもありません！
走吧。,本当？
我們開始吧！,本当に？
我們走吧!,本気？
当心！,ありがとうございます！
她跑。,お疲れさまでした。
起立。,ありがとう。
他们赢了。,私たちは努力しております。
汤姆去世了。,俺らの勝ちー！
汤姆不干了。,勝ったぞ！
汤姆游泳了。,何でわたしなの？
相信我。,どうして私なの？
努力。,トムに聞きなさい。
试试吧。,トムに聞いて。
谁死了？,トムに聞いてごらん。
鳥類飛行。,すごいぞ！
打电话回家！,落ち着いて。
抓住他。,落ち着いて。
回家吧。,冷静に。
現在就做。,フェアに行こうぜ。
狗会叫。,譲り合いましょう。
别哭。,お行儀よくしなさい。
对不起。,優しくしてあげなさい。
来感受一下这个。,どっか行け。
请跟我来。,連絡をちょうだい。
请跟着我们。,電話してね。
祝你好运。,お電話ください。
抓住那个。,入っておいでよ。
抓住这个。,お入りください。
手举起来。,入ってきなさい！
他是一个 DJ 。,入って。
他很懒。,入れ！
停火。,おいで。
我住这个。,おいおい。
太可怕了。,トムを連れてきて。
我很忙。,出て行け！
我冷。,出ていけ。
我沒事。,出ろ！
我生病了。,出て行け！
我个子高。,出ていけ。
我了解你。,外に出ろ。
我希望如此。,消え失せろ。
我笑了。,出ろ！
我向你保证。,向こうへ行け！
我看見湯姆了。,あっちへ行け！
我要游泳。,離れろ。
我是个男人。,向こうへ行け！
我是對的。,どっか行け。
对不起。,あっちへ行け！
我很抱歉。,消え失せろ。
我還年輕。,帰りなさい。
遠嗎？,ゆっくり、ゆっくり。
下雪了。,慌てない、慌てない。
3点半了。,さようなら！
天很冷。,さようなら。
它是免費的。,頑張れ！
很晚了。,切らないで。
這是真的。,彼は来ました。
让我进去。,やめた。
躺着不动。,彼は走る。
回头看！,助けてくれ。
腾一下地方。,助けて！
當然!,助けてくれ。
當然。,助けて！
当然了。,手伝ってよ。
噢拜托了！,助けてください。
开火！,手伝って。
念这个。,手伝って。
参见上文。,ハーイ、トム。
她哭了。,やぁ、トム。
她试过了。,トムを殴れ。
她在行走。,動かないで！
耐心等着。,待って！
慢一點。,じっとして！
保持冷靜。,お待ちください。
趴着！,トムを抱きしめて。
住手。,トムにハグして。
照顾好自己。,トムをハグして。
照顾好自己。,賛成です。
汤姆睡了。,同感です。
Tom游泳。,そう思います。
湯姆累了。,まったくです。
汤姆挥手了。,やってはみた。
湯姆要走。,やってみた。
向左转。,行くよ。
在这等着。,私が行きます。
做得好！,トムと申します。
干的好！,トムといいます。
爱谁谁。,私はトムです。
很棒！,私は太っている。
蠢货！,俺はデブだ。
你身上发臭了。,私ももう年だ。
请上船！,悲しいです。
我錯了嗎？,私は引っ込み思案です。
鳥兒歌唱。,大丈夫ですよ。
我可以幫忙嗎?,僕だよ！
快点。,私よ！
必须的！,私ですが。
别动！,僕だよ！
不要动。,仲間になって。
把它填滿。,取っておいて。
跟著他走。,僕もだよ。
上帝存在。,私もそうです。
晚安。,私も。
他让步了.,開けてくれ。
他很凶。,開けろ。
他很穷。,バッチリ！
他高。,また会おう！
你好，汤姆。,じゃ、またねっ！
嘿，放松点。,じゃあ、またね。
多可爱啊！,また会おう！
赶快回家。,見せて。
我是个男人。,ちょっと見せて。
我个头矮。,黙ってて。
我会做饭。,やめておけ。
我會游泳。,さようなら。
我不能走。,やめなさい。
我在這裡吃。,やめろ！
我嫉妒她。,いいかげんにして。
我羡慕他。,やめろよ。
我恨你。,これ取っておいて。
我认识汤姆。,教えて。
我認識他。,トムは食べた。
我喜欢茶。,トムは走った。
我喜歡你。,トムは勝った。
我喜欢你。,トムの勝ち。
我愛她。,待って！
我爱您。,目を覚ませよ！
我想念他。,起きなさい！
我想念你。,起きて！
我需要你。,目を覚ませよ！
我想是這樣的。,起きなさい！
我使用这个。,起きて！
我會做的。,起きなさい。
我是個英雄。,手を洗いなさい。
我是谦虚的。,顔を洗いなさい。
我单身。,私たちは知ってる。
我困了。,僕たちは知ってる。
我好胖哦。,俺たちは知ってる。
别理汤姆。,負けた・・・。
那是愛嗎？,こんにちは。
真是太好了。,いらっしゃい。
是晚上了。,ようこそ。
放松点吧。,誰が走ったの？
保持安静！,誰が勝ったの？
让他进来。,どうしてダメなの？
让我去死。,ぜひそうしよう。
让我想一想。,君が走れ。
我们走走吧。,あんたの勝ちだ。
看那里。,おまえの勝ちだ。
禁止评论。,俺、太ってるかな？
无可奉告。,下がっていろ！
没问题！,引っ込んでて！
没关系。,男になれよ。
没问题。,黙っていなさい。
噢，真的嗎?,静かに！
再一次。,少し静かにしていなさい。
她笑了。,静かにしなさい。
往后站！,静かにしてなさい。
保持警惕。,お静かに。
留在这里别动。,じっとしてて。
让开。,トムに電話して。
好好学习。,トムを呼んで。
真疼。,元気出して。
時光飛逝。,元気を出せよ。
时间匆匆走过。,元気出せよ。
汤姆害羞。,元気出しなよ。
汤姆笑了。,元気出して。
汤姆打哈欠了。,元気出しなよ。
向右转。,頭を冷やせ。
我们笑了。,行くんじゃない。
我们失去了它。,行かないで。
這是什麼啊？,トムを探してきて。
有什么新鲜事吗？,トムを見つけて。
我在哪裡？,向こうへ行け！
這是什麼地方?,床に伏せろ！
我們是誰？,どっか行け。
下一个是谁？,出て行け！
木材燃燒。,どっか行け。
我们完成了吗？,冷静に考えて見ろよ！
你是汤姆吗？,どうぞ、お先に！
您生气了吗？,どうぞお話し下さい。
你生气了吗？,どうぞ、お先に！
你傷心嗎？,お疲れ様でした。
友好点。,お疲れさまでした。
停手！,よくやった！
你能看吗？,トムを捕まえろ。
算我一个.,楽しんでね。
按我說的做。,楽しんできなさい。
別走！,彼がやってみるんだ。
不要恐慌！,トムを助けてやって。
不许大叫。,なんて可愛いんでしょう。
別擔心。,かわいい！
别擔心。,どのくらい深い？
认真点。,急ぎなさい。
他獨自一人。,さあ、急いで。
他醉了。,急げ！
他很強壯。,やった。
我們到了！,やってやった。
这里，快抓住。,忘れました。
你們好嗎？,忘れた。
你好嗎？,了解。
多怪啊！,辞めます。
真奇怪。,辞職します。
我來了。,私がそれを使います。
我買磁帶。,あくびをした。
我不能说。,僕のおごりですよ。
我不說謊。,僕が払っとこう。
我吃面包。,私のおごりだ。
我觉得冷。,私が払います。
我感觉很好。,私が払いましょう。
我感到虚弱。,頑張ってみる。
我有时间。,トライします。
我聽你的。,やってみる。
我喜欢鱼。,僕は忙しい。
我喜歡爵士樂。,私は忙しい。
我喜欢他们。,忙しいです。
我住在這。,俺はクールだ。
我需要胶水。,俺はいかしてる。
我需要帮助。,私は公平だ。
我睡过头了。,私は大丈夫です。
我是那樣說的。,私は元気です。
我聞到瓦斯味。,私は暇だ。
我信任他。,暇ですよ。
我信任你。,私は自由の身だ。
我想要更多。,手は空いていますよ。
我搞错了。,時間はあります。
我会听从指示。,もう満腹です。
我會等。,お腹がいっぱいです。
我在這裡工作。,道に迷ってしまった。
我會參加。,私は貧乏です。
我會進去。,病気です。
我也是17岁。,私は背が高い。
我是個不成器的人。,大丈夫ですよ。
我在家。,私は大丈夫です。
我很好奇。,私は元気です。
我结婚了。,痛い。
我已婚。,トムだ。
我在读书。,それは新しいです。
我是認真的。,妙だな。
我渴了。,立ち入りを禁ず。
汤姆还好吧？,放っておけ。
这是你的吗？,放っておきなさいよ。
这不可能！,やめておけ。
不可能！,行くよ。
這是我份內的事。,さあ、行くぞ。
只要說不。,危ない！
继续努力。,私と結婚して。
讓我知道。,はっきり言いなさい。
讓我們開始吧。,立ちなさい。
走吧。,起立！
讓我們開始吧。,立ちなさい。
我们开始吧。,起立！
人生是有趣的。,トムに教えて。
四处看看。,トムに伝えて。
午餐送到了。,すごいぞ！
非常感谢！,素晴らしい！
金钱万能。,彼らは勝った。
好时机。,トムが来た。
没有人来了。,トムは死んだ。
好。我同意。,トムは落ちた。
请来吧。,トムは知った。
请唱歌。,トムはさった。
放开他。,トムは嘘をついた。
她打了他。,トムは嘘をつく。
一边站着。,トムが負けた。
进来。,トムは払った。
這就是生活。,トムはやめた。
人生就是如此。,トムは泳いだ。
这很软。,トムは涙を流した。
這是真的。,トムは泣きました。
他们拥抱。,トムは泣いた。
他们亲吻了。,遅すぎる。
這是冰塊。,信じてくれよ。
汤姆脸红了。,信用してください。
湯姆皺著眉頭。,精一杯やってみなさい。
汤姆变胖了。,これ使って。
湯姆看見你了。,トムに警告します。
湯姆會等。,トムに警告する。
湯姆錯了。,トムに警告してください。
转过来。,トムに警告しなさい。
等等我。,意見が一致している。
我错了吗？,何のために？
我們是男孩。,何に使うの？
我們遲到了。,誰が来た？
我們都贏了。,誰が来ましたか？
我们可以休息。,誰が死んだの？
我們認識他。,誰がやめるの？
我们爱汤姆。,お先にどうぞ。
我们想要汤姆。,鳥は飛ぶ。
我們要一個。,家に電話して！
太可惜了！,落ち着いて。
多遗憾啊！,落ちついて。
有什么新鲜事吗？,落ち着けよ！
那是什么？,落ち着け！
這是什麼啊？,落ち着いて！
那是什么？,落ち着けよ。
這是什麼?,落ち着いて。
你是誰？,落ちつけよ。
誰畫的？,落ちつきな。
下一个是谁？,落ちついて。
那是谁？,頭を冷やせよ。
这是谁的？,頭を冷やせ。
木头会漂浮。,落ち着け！
干活慢点。,落ち着いて！
你在这里。,彼を捕まえて。
你有病！,彼を捕まえろ。
有什么新鲜事吗？,落ち着いて。
你忙嗎？,戻っておいで。
您在忙吗？,ちょっと来て。
您迷路了吗？,こちらに来なさい。
你迷路了吗？,こっちへ来なさい!
你确定吗？,ここへ来なさい！
现实点！,こっちに来て。
带他进来。,こっちに来いよ。
现在给汤姆打电话。,こっちへおいで。
我们能做到吗？,こっちおいで。
你能來嗎？,家に来て。
你能閱讀嗎？,家に来いよ。
你會游泳嗎?,帰ってきなさい。
你打過電話了嗎？,帰ってこい。
你吸烟吗?,家に戻ってきなさい。
您吸烟吗？,私の家に来て下さい。
盡力而為。,家においでよ。
别伤心。,遊びに来いよ！
不要害羞。,家に来てよ！
不用麻烦了。,すぐ来て。
别来烦我。,落ち着いて。
安全地駕駛。,頭を冷やせ。
开车慢点。,勝った？
鬼魂是存在的。,犬が吠える。
还回去,聞かないでくれ。
晚上好。,泣かないで。
晚上好！,死なないで。
早上好！,嘘をつくな。
他生气了。,失礼しました。
他有辆车。,あのー、失礼ですが。
他喜歡茶。,すみません。
他愛她。,もう一度お願いします。
他很勇敢。,すごいぞ！
他现在出去了。,お見事！
真烦人。,素晴らしい！
你敢！,私についてきて。
真糟糕！,ついてきて。
我欣赏你。,忘れて。
我几乎赢了。,さあ行った、行った。
我在家。,もう寝なさい。
我很好奇。,元気でね。
我结婚了。,頑張れよ。
我在祈禱。,おやすみなさい。
我吃了魚子醬。,触るな！
我給湯姆打了電話。,彼は年を取っている。
我走不了。,彼はＤＪです。
我无所谓。,彼は尻が重い。
我一无所知。,ああ恐い！
我有一辆车。,景気はどうですか？
我有一条狗。,トムの機嫌をとれ。
我有一張地圖。,忙しいです。
我喜欢豆子。,私は落ち着いています。
我喜欢这些。,お腹がいっぱいです。
我爱音乐。,お腹いっぱいだ。
我想你。,確かだよ。
我看到一本書。,そのことを確信している。
我明白了。,私は背が高い。
我想要一隻狗。,私は走ることができる。
我要告你。,私はスキーの仕方を知っています。
我洗耳恭聽。,私は気を失いました。
我在流血。,私の負けだ。
我现在有空了。,降参します。
我是清白的。,お手上げだ。
我是新來的。,私は怒ったんだ。
我没在忙。,楽しかった。
我不确定。,持っています。
我怀孕了。,トムを叩いた。
我好高興。,そうだといいけど。
我好累。,私もそう願います。
我饿死了！,私は笑ってしまった。
我餓死了！,本気だよ。
我是最好的。,本気で言ってるんです。
我激動不已。,私は彼に会った。
我決定了。,行かなくちゃ。
我一无所知。,約束するよ。
那是愛嗎？,僕はリラックスした。
真的？,ダメだって言ったでしょ。
太神奇了。,違うってば。
它是明顯的。,そう言っておいたはずだ。
下雨了。,私は彼に会った。
在下雨。,彼を見た。
正在下雪。,トムが見える。
太难了。,これが欲しい。
它太大了。,私は怒り狂っていたんだ。
繼續看！,行くよ。
继续看。,私が行きます。
繼續工作！,私は同意するだろう。
讓我想一想。,お手伝いしますよ。
我们现在去吧。,私は手伝うよ。
人生會繼續。,手伝うよ。
瑪麗進來了。,僕、男だよ。
瑪麗很高。,私は警官だ。
我现在能去了吗？,一人だ。
轻轻地移动。,私は一人だ。
我的眼睛痛。,起きてるよ。
沒有人知道。,退屈しちゃったよ。
没人问过。,私は勇敢だ。
打開箱子。,文無しなんだ。
请抓紧时间。,金欠なんだ。
請你離開。,私は潔白だ。
一会儿见！,私は清潔だ。
到時候見。,くらくらする。
你真丢脸！,酔った。
你真丢脸！,酔った。
她很安静。,もう死にそう。
她心情不好。,早かった。
她可以來。,私が一番。
她也許來。,私は几帳面なんだ。
有人来了。,私は細かいんだ。
你说话小点声。,私は幸福です。
和我们留在一起吧！,私は幸せだ。
别再傻看着。,私は幸せです。
别再念了。,私はついている。
别再盯着了。,準備ができました。
不要说话了。,俺って、頭いい！
别再埋怨了。,私って冴えてる！
别再喊叫了！,私は酔っていない。
祝你好梦。,悪かった。
放輕鬆。,どうも失礼。
別緊張。,御免なさい。
带我回家。,すみません。
告訴我們多一點。,疲れているんだ。
那是我的。,疲れました。
那是瘋狂的。,疲れたよ。
那真是太好了。,疲れたなあ。
对！,私は疲れた。
他們拒絕了。,僕は若い。
它们是假的。,彼はトムですか？
这是我的。,そこって遠いですか？
這是真的。,超臭いよ。
汤姆跟着。,動いた！
湯姆是干净的。,うまく行った！
湯姆高興。,2時半です。
Tom認識我。,３時半です。
汤姆坐下了。,７時４５分です。
汤姆告诉了他。,９時１５分です。
汤姆饱了。,寒い。
汤姆，快起来！,寒っ！
再試一次。,カッコいい！
難以置信!,楽勝だよ。
难以置信！,無料です。
投票給湯姆。,それは無料です。
走著瞧,もう遅いわよ。
我們很快樂。,それ、私の。
我們能開始。,それ、私のです。
我們需要更多。,大丈夫、大丈夫。
我们成功了。,それが仕事です。
我們投降。,飛び降りろ！
我们已是成年人了。,離れてて。
我们在藏着。,下がってて。
欢迎回来。,あったかくしてなさい。
愛是什麼？,私に行かせてください。
那是什么？,中に入れてよ。
那是什么啊？,中に入れて。
這是什麼啊？,私も参加させてください。
这是谁建的？,私も入れてください。
谁来了这里？,中に入れてください。
多少年过去了。,やってみようよ。
你喝醉了！,よく聞きなさい。
还有别的吗？,後ろを見ろ。
您生气了吗？,食べてもいいですか？
你生气了吗？,もちろんだよ！
你快樂嗎？,もちろん！
您准备好了吗？,もちろん。
你们准备好了吗？,もちろんだよ！
你准备好了吗？,もちろんさ。
你累了嗎?,もちろん！
帶鑰匙來。,もちろん。
叫保安来！,撃て！
你会溜冰吗？,もう一度お願いします。
請結帳。,静かに！
不要放棄!,静かにしなさい。
画一个圈。,静かに！
鮮花盛開。,静かにしなさい。
他不會游泳。,これを読みなさい。
这是一个小偷。,これを読んで。
他在家裡。,「アー」といってください。
他是我的菜!,前述参照のこと。
他不是傻子。,本気？
他没疯。,彼女は泣いた。
他现在出去了。,彼女は試した。
他欺騙了我們。,彼女はやってみた。
他賣車子。,ここでサインして。
他槍擊了我。,そこにお座り。
他努力地嘗試。,近づくな！
他想要更多。,どいてろ。
他不在家。,落ち着いて。
他在讀書。,落ちついて。
你怎麼樣？,静かにしてなさい。
那你呢?,下がって。
你們呢？,やめなさい。
您呢？,やめろ！
多美啊！,やめなさい。
我离婚了。,やめろ！
我很难过。,用心しなさい。
我同意它。,気を付けてね。
我相信你。,お気をつけて。
我信过你。,気をつけて！
我看得见汤姆。,用心しなさい。
我無法做到這一點。,気を付けてね。
我做不到。,お体を大切に。
我不能走。,お気をつけて。
我鄙视你。,気をつけて！
我做得好到不能再好了。,私のをどうぞ。
我确实看见他了。,これ使って。
我没通过。,これにしなよ。
我餵過狗了。,ありがとうございます！
我觉得很孤独。,お疲れさまでした。
我感觉不舒服。,ありがとう。
我是免費得到的。,それでいいよ。
我有一个家。,図星です。
我有一只蛋。,そういうこと。
我必须赢。,彼らは去った。
我喜歡運動。,彼らは嘘をついた。
我喜歡甜食。,彼らは負けた。
我喜歡吃。,彼らは泳いだ。
我喜欢跑步。,時間終了。
我愛咖啡。,トムは料理する。
我愛電影。,トムは涙を流した。
我愛大自然。,トムは泣いていた。
我喜歡運動。,トムは飲んだ。
我想念波士頓。,トムは運転した。
我現在必須走了。,トムは編み物をする。
他需要一件外套。,トムは知っている。
我需要些建议。,トムは動いた。
我需要尝试。,トムは引っ越した。
我尊敬湯姆。,トムは寝ていた。
我應該服從。,トムは眠っていた。
我想我可以。,トムは話した。
我用Twitter。,トムは立った。
我想哭。,トムは挑戦した。
我想死,トムはやってみた。
我刚才在家。,トムは挑戦する。
我很冷。,トムは手を振った。
我要買這個。,トムは手をふった。
我会打电话给你。,もう１度やってみなさい。
我會在這裡吃飯。,もう一度やってみて。
我会去接他的。,もう一回やってみて。
我是个学生。,左に曲がって。
我是個老師。,ここで待って。
我累死了。,危ない！
困死了。,気をつけて！
我在節食。,成功だ！
我这就上路。,やった。
我真蠢。,忘れた。
我很忙。,僕らは話した。
我有时间。,僕らは待った。
我有酒。,私たちは男です。
严重吗？,勝った！
下雨了。,お見事！
在下雨。,よくやった！
看起来不错。,上出来！
可能会下雨。,お見事！
可能要下雨了。,よくやった！
它是個秘密。,変わりない？
公事公辦。,何が起こったんだ？
天氣好冷。,知るもんか。
它有改善了。,誰？
我請客。,どなた？
不是我的。,どなたさまでしょうか。
它太長了。,誰にも分からないよ。
它太大聲。,誰が行くの？
它很大。,トムって誰？
确保汤姆安全。,彼女は誰ですか。
保持安静,すごいぞ！
讓我看看。,素晴らしい！
鎖大門。,トムに手紙を書きなよ。
我可以進來嗎?,ご乗車願います！
在那裡見我。,何言っているか分かる？
我的脚痛。,私の言ってること、わかります？
我头痛。,俺、クビですか？
我头痛。,私、正しい？
我的钢笔是新的。,俺は間違っているのか。
决不放弃。,大丈夫ですか？
量力而行。,大丈夫？
戒掉赌博吧。,いる?
现在读这个。,気をつけて！
拯救你自己。,用心しなさい。
再见！,気を付けてね。
再见。,気をつけて！
和我握手。,時間に遅れないで。
我们该步行吗？,辛抱しなさい。
她感到闷闷不乐的。,ふざけないで。
她恨他。,真面目におやり。
她愛湯姆。,鳥は歌います。
她在节食中。,鳥が囀る。
她在节食。,鳥は鳴く。
她是我的菜。,乾杯！
给我看下它吧。,私も行ってもいい？
不要把门开着。,手伝おうか。
关门。,手伝おうか？
坐我旁边。,これ運んで。
講清楚。,一つ選んで。
搅一下汤。,また来てね。
别再插手。,さあ、一緒に来いよ。
停止射击。,いっしょに来なさい。
改邪归正。,私達と一緒に来なさい。
事情难免会发生。,入っておいでよ。
重新告訴我。,さあ、入って入って。
还是要说谢谢的。,入っておいでよ。
那是一本書。,早く来い。
铃响了。,早く来なさい。
他們有帶武器。,早くいらっしゃい。
这是假发。,早くおいで。
时间就是金钱。,やめなさい。
今天很有趣。,やめろ！
湯姆回來了。,いい加減にしろよ。
汤姆没走。,いいかげんにして。
汤姆是个乡巴佬。,混ぜて。
湯姆缺席。,もちろんだよ！
汤姆是个无聊的人。,もちろん！
汤姆非常性感。,トムは行った？
湯姆不老。,勝った？
湯姆認識他。,さあどうぞお入りください。
汤姆爱你。,入って。
汤姆睡过头了。,スキーは滑る？
汤姆跑得快。,来ないで。
湯姆被解僱了。,見ないで。
請稍等。,動かないで！
我们必须走了。,じっとして！
我们保持了沉默。,動くな！
我們喜歡音樂。,動かないで！
我們想你。,動かないで。
我們需要錢。,押すなよ。
我们必须走了。,話しかけるな。
我们明白。,黙っていなさい。
我們想要糖。,黙っていなさい。
我们感到厌烦了。,待つな。
我們會很忙。,ゆっくり食べて。
我們會去做。,満タンにしてください。
我们是特别的。,仕事を見つけろ。
我们很特别。,火は燃える。
我们很担心。,トムに従え。
我們已經到了。,彼の事は忘れなさい。
您当时在忙吗？,許して。
你在哪儿?,お許しを。
谁帮帮她？,さあ行った、行った。
这是谁的？,ベッドへいけ。
为什么责备汤姆？,諦めろ。
你喝醉了！,帰りなさい。
你在撒谎。,トムに会ってきて。
你能跑。,仕事に行きなさい。
你看起來很蒼白。,洗ってきて。
你應該去。,神は存在する。
你最好去。,おやすみなさい。
你會失敗。,彼は外食した。
你工作努力。,彼は降参した。
你在開玩笑吧！,彼は降参した。
你真壞。,彼は電話を切った。
鸟会飞。,彼はＤＪです。
請允許我去。,優しい人です。
你在哭嗎？,いい人です。
你不是湯姆嗎?,彼は親切な人です。
你不是湯姆嗎？,彼は尻が重い。
你不热吗？,彼はいい人です。
对她好点。,いい人です。
鳥下蛋。,彼は病気です。
把水燒開。,彼は成功した。
把它带给我。,彼はうそをついている。
我可以吃这个吗?,彼は嘘をついている。
我能幫你嗎？,利口だね。
我能坐这里吗？,彼は頭がいい。
你能起床嗎？,温めて。
打掃房間。,上がるの手伝って。
关门。,起き上がるの手伝って。
我要咖啡，谢谢。,立ち上がるの手伝って。
牛可产奶。,あっ、来た来た。
解决他们。,はいどうぞ。
我们认识你么？,ほら、ここにあるよ。
你认识我吗？,さあ、行くぞ。
你还认识我吗？,落ちつきな。
你喜欢吗 ?,じっとしてて。
你喜歡嗎？,賢い！
你想我了？,かわいい！
你想我吗？,悲惨！
你保证吗？,仕事はどう？
你保证？,どう、仕事は？
別碰它。,急いで戻れ。
每个人都会说谎。,早く家に帰って来なさい。
狐狸吃母鸡。,それは認める。
起床!,僕、男だよ。
下午好。,俺は人間だ。
新年快樂！,私は幸福です。
你該多吃點。,私は幸せだ。
他提速了。,私は幸せです。
他快死了。,疲れました。
他不會游泳。,疲れたなあ。
他把我們弄糊塗了。,私が壊した。
他不说谎。,私が作ったんです。
他举办了一场舞会。,歌える。
他是美国人。,歌が歌える。
他一个人生活。,私は残れます。
他独自生活。,私は泳げます。
他看起来很年轻。,私は泳ぐことが出来ます。
他弄丟了一本書。,待てます。
他唱了一首歌。,私は走ることができる。
他卖水果。,歩ける。
他被淹死了。,私は行かれません。
他溺水而亡。,私は行けません。
他是個大男孩。,私はそうは思いません。
他是作家。,そうは思いません。
這裡有一本書。,反対
它多貴?,私はそれを疑った。
多少錢?,ここで食べます。
你們好嗎？,私はここで食べます。
我是匈牙利人。,トムが羨ましいよ。
我是个学生。,あの子が羨ましい。
我是個老師。,羨ましい！
我累死了。,羨ましい！
我今天休息。,いいなあ。
我太矮了。,羨ましい！
我相信了你。,気分が悪い。
我借錢。,私は気分が悪い。
我的手臂斷了。,私も年をとったなあ。
我不懂。,見つかった。
我去学校。,見つけた！
我被逮捕了。,忙しくなった。
我起床早。,道に迷ってしまいました。
我有一个设想。,悪酔いしました。
我有一个愿景。,私はトムが嫌いだ。
我讨厌星期一。,持っています。
我咳嗽。,トムは知っている。
我有一个梦想。,彼女を知っている。
我打嗝了。,トムは好きだ。
我一无所知。,トムの事は気に入っている。
我一无所知。,彼が好きです。
我没时间。,私はお茶が好きです。
我经常打嗝。,君が好きだ。
我喜欢画画。,気に入りました。
我喜歡花。,それ、いいね。
我喜欢跑步。,彼女に恋している。
我喜欢阅读。,彼女のことが好きだ。
我喜欢跑步。,彼女のことが大好きです。
我喜欢阅读。,愛してる。
我爱我的生活。,大好きだよ！
我爱我的生命。,君が好きだ。
我爱我的妻子。,私はあなたを愛しています。
我愛派對。,トムが居たらと思う。
我遇见一个朋友。,会えなくて淋しい。
我该回家了。,君がいなくて寂しいよ。
我需要一張郵票。,走ったほうがよさそうだ。
我尽快需要。,トムが必要だ。
我需要我的大衣。,私にはトムが必要です。
我需要知道。,君が必要だ。
我经常打嗝。,あなたが必要なんです。
我说过了，闭嘴！,パニクったわ。
我看到了五個男人。,私は約束した。
我应该去做。,私はそう思います。
我学韩语。,そう思いますよ。
我以前是醫生。,そう思います。
我在學習。,君が欲しい。
我要控告你。,迷っていた。
我想要去。,私は無礼だった。
我会警告汤姆。,撃たれたんです。
我会回来的。,私は弱かった。
我會責備他。,トライします。
我會留意的。,やってみる。
由我来做.,私は運動する。
我會待在家裡。,運動します。
我請你。,同意すると思うよ。
我是一個自由的人。,大丈夫です。
我是一个好人。,僕がやります。
我是无神论者。,私がちゃんとやりますから。
我在他後面。,私がやります。
我今天有空。,私が中に入る。
我不貪婪。,私は今30歳です。
我没有罪。,私は双子です。
我很激动。,楽しんでるよ。
我脱衣服。,私は先入観に縛られている。
我很快樂。,私は公平ではない。
我很快乐。,今、行くわ。
我很幸福。,すぐ参ります。
我見過。,いま行くよ。
他是日本人吗？,私は単刀直入なんです。
那更好吗？,今食事中。
它不是黑色的嗎？,賛成。
太早了。,ほんとだってば。
太晚了。,おなか空いた！
那样说得通。,ああ、お腹が空いた。
它花了几个月。,お腹がすいた。
这是全新的。,腹が減った。
它是危險的!,お腹が減った。
这不好笑。,おなか空いた！
它是我們的錯誤。,おなかペコペコだ。
这是事实。,お腹が減った。
它太大了。,冗談だよ。
这就要看您了。,淋しいです。
由你來決定。,疲れたなあ。
非常冷。,私、怖い！
做得很好。,独身です。
它是你的書。,眠い！
該你走了。,眠い！
輪到你了。,あー、眠い。
继续听。,僕はすごく太ってる。
让我去做。,私は今30歳です。
让我们回家吧。,12歳です。
我們吃吧。,食べた
聽聽這個。,トムのことなど気にするな。
我能幫你嗎？,トム怒ってるかな？
我可以用嗎？,彼は忙しいですか。
我叫Tom。,彼は背が高いですか。
现在我想起来了。,無料なのですか。
請進來。,ただなの？
麻煩您那樣做。,それ本当？
請幫助我。,そうなんですか？
請幫我。,そうなの？
請加入我們。,よくあることだよ。
請告訴我。,寒っ！
请清洗它。,空っぽだ。
物價上漲。,変なの！
看这本书。,俺のＣＤじゃねえか。
說清楚。,それは私のCDです。
科學好玩。,僕のおごりですよ。
再见！,私のおごりだ。
她愚弄了他。,妙だな。
她種了玫瑰。,気色悪いー！
她在节食。,風が強いな。
她也許會來。,いいからやれよ。
她看來有錢。,とにかく落ち着いて。
烟雾出现了。,そのまま続けて。
有人打電話來。,その調子で続けて。
停止发牢骚吧。,その調子でがんばって。
停止抵抗！,静かにしていなさい。
夏天过去了。,静かにしていなさい。
你可以慢慢来。,じっとしてて。
慢慢来。,寄りかかっていいよ。
那是一個恥辱。,当てにしていいよ。
那符合逻辑。,トムを入れてあげて。
那是我的大衣。,中に入れてあげて。
那是完美的。,お入り頂きなさい。
多遗憾啊！,中に入ってもらって。
那太糟糕了。,死なせてくれ。
鳥兒歌唱。,出してくれ。
旗子升起了。,出してくれ。
電話正在響。,払わせてください。
他們目光相接。,私が払いましょう。
這些是筆。,見せて。
他們恨湯姆。,どれどれ。
他們有工作。,私にやらせて。
他們讓我走。,お祈りしましょう。
他们喜欢那个,さあ歌おう。
他们信任汤姆。,さあ泳ごう。
他們想要更多。,気楽にいけよ。
他們想要這個。,これ見て。
他们不错。,私を見なさい。
这是一本书。,私を見て。
那是我的包。,心配するな。
湯姆能改變。,気にするな。
汤姆不会游泳。,何でもない。
湯姆有個計畫。,問題ないよ。
汤姆是个拉比。,大丈夫ですよ。
汤姆不傻。,問題ないよ。
湯姆看起來很蒼白。,大丈夫ですよ。
汤姆喜欢狗。,了解。
湯姆走了出去。,問題なし。
汤姆当时在哭。,もう一回。
汤姆无所畏惧。,座りなよ。
汤姆在笑。,お静かに。
汤姆兴奋不已。,はい、チーズ。
开电视。,「お願い」って言えよ。
把电视声音调大点儿。,やって欲しいなら、頼めよ。
汤姆睡着了吗？,彼女はにっこり笑った。
洗您的脚。,彼女は微笑みました。
洗你的脚。,さあ、みんなで歌いましょう。
自己当心啊。,下がってろ！
我們原諒你。,眠っちゃダメ。
我們誰也不認識。,黙ってて。
我们学习音乐。,じっとしてて。
我們被偷了。,そこにいて。
我们要继续下去。,ちょっとどいて。
我們是個家庭。,しっかり勉強して下さい。
我们没迟到。,バスに乗りなさい。
好吧，我們走吧。,話してよ！
你是对的吗？,話せよ！
你們呢？,痛いです。
您呢？,痛い。
你的職業是什麼?,それは新しいです。
她做什么工作？,彼らは挑戦した。
我们去哪儿？,さあ、着きましたよ。
之前你在哪里？,これで最後だ。
那家伙是谁？,以上です。
那男人是谁？,これで決まりだ。
你問這個幹什麼?,これだよ。
为什么他在这儿？,これなんです。
擦擦你的眼睛。,これは効くわ。
是的，我知道。,これでもいいや。
是的，當然。,時のたつのは早いものだ。
你看起來很無聊。,時間終了。
你看起来很紧张。,はい、そこまで。
你看起來很疲倦。,トムは賛成した。
你必須去做。,トムは賛成する。
你會愛它。,トムはそれを食べた。
你開玩笑吧！,トムは踊った。
您不必感谢我。,トムはお酒を飲む。
你們是朋友嗎？,トムは車を運転します。
你在开玩笑吗？,トムは失敗した。
你有18歲了嗎？,トムは忘れた。
你是认真的吗？,トムは喧嘩した。
你渴吗？,トムは闘った。
为我感到高兴吧。,トムは手伝った。
规矩点。,トムは狂ってる。
黑色很衬你。,トムは新人だ。
烧一点水。,トムがいません。
叫警察！,トムは濡れてる。
报警！,トムはジャンプした。
报警！,トムは見た。
你能找到它嗎？,トムは頷いた。
你能幫我嗎？,トムは電話をかけた。
您能帮我吗？,トムはため息をついた。
清掃你的房間。,トムは微笑んだ。
打扫一下你的房间。,トムはタバコを吸う。
闭上你的眼睛。,トムは話した。
闭上你们的眼睛。,トムは待っていた。
如果你能就來吧。,トムはウィンクした。
祝贺你。,トムはあくびした。
恭喜！,トムは大声で叫んだ。
你能做到嗎？,トムは死んだ。
数到三十。,やってみて。
汤姆说是谁了吗？,右に曲がって。
你以前喜欢吗？,ちょっと待って。
你想我了？,私たちは男です。
您经常去吗？,歩いていくよ。
你有嗎？,私たちは男です。
你认识他吗?,八方塞がりだ。
你喜欢说唱音乐吗？,何ですか。
你记得吗？,それは何ですか。
愛存在嗎？,変わりはないかい。
別被騙了。,僕はどこにいるの？
别来烦我。,ここどこ？
別忘了我。,ここはどこ？
别忘了我们。,トムって誰？
别打开那个。,彼女は誰ですか。
不要冒险。,次は誰？
别说谎!,あれ誰？
你不同意吗？,木は燃えます。
您不同意吗？,行ってもよろしい。
开车小心点。,あなたが決めて。
離開這裡。,やったね！
幫湯姆一把。,行ってもよい。
把它给他们。,行ってもよろしい。
去露台。,今にわかる。
綠色適合你。,まあ見てなよ。
祝你一天过得愉快。,悪い子ね！
他行动迅速。,おまえ、ワルだな。
他开始哭了。,いけない人！
他是教师。,万事上手くいってます。
他是老师。,万事よろしい。
他是我父親。,ああ、お腹が空いた。
他非常親切。,誰かケガした？
他很高。,誰か怪我した？
他刚到。,怒ってるの?
他喜欢迪士尼。,悲しいですか。
他看起來很強壯。,悲しいの？
他喜歡火車。,誰にでもいいから訊いてみてください。
他向我施压。,遅れるなよ。
他努力學習。,トムと呼んで。
他企图说谎。,始めていい？
他很容易觉得累。,入っておいでよ。
他很老。,トムと連絡を取りなさい。
他會倖存。,僕に料理を作って。
他是喜剧演员。,私も仲間に入れて。
他是個好人。,任せて。
他是個好人。,トムは死んだ？
他是个好人。,トムは試したの？
他是個好人。,トムは勝った？
他是一个高大的男孩。,勝った？
他不是英雄。,言うとおりにして。
他不是傻子。,もう一度おやり。
他非常生气。,もう一度やって。
这是账单。,後でやって。
这是你的茶。,ちゃんとやって。
嗨！你好嗎？,それが問題？
他的话就是命令。,釣りはしますか？
你感觉如何？,ズルをするなよ。
我怎麼知道？,撃たないで！
多么有趣啊！,撃たないで！
大家好嗎？,怒鳴るなよ。
你們好嗎？,怒鳴らないで。
你幾歲?,心配するな。
你真粗魯！,心配しなくていいよ。
可憐!,気にすんなって。
這個蘋果怎麼樣？,心配しないでください。
我全身酸痛。,トムを許してやれよ。
我是一个好男孩。,トムを許してあげたら？
我是从中国来的。,服を着替えなさい。
我来自中国。,着替えて。
我有麻煩了。,こっちに入って！
我遇到困難了。,冗談はやめて。
我吃了這個蘋果。,仕事にかかれ！
我烤了曲奇。,トムを探してきて。
我開始跑。,トムを手伝ってきて。
我訂了一個位子。,まっすぐ行け。
我買了一本書。,眠りなさい。
我打電話給湯姆了。,もう寝なさい。
我叫她起来。,座りなよ。
我游泳可以游得很好。,彼は来る事が出来る。
我看不見你。,彼なら来られる。
我不能取消它。,彼は来れる。
我不要.,彼は泳げる。
我感觉轻松了。,彼は年老いた。
我六點起床。,彼は年を取った。
那时我没有选择的余地。,彼は腹が据わっている。
我讨厌学习。,彼は一人っきりである。
我有兄弟。,彼は８歳だ。
我有十支筆。,彼は幸せだ。
我要赶紧了!,彼はひどく嫌われている。
我有两只猫。,彼はうそをついている。
我有兩個兒子。,彼は嘘を言っている。
我剛才吐了。,あいつは嫌な奴だ。
我借给他一盘CD。,彼は立ち上がりました。
我也喜歡湯姆。,彼は忙しかった。
我喜歡茄子。,彼はうそつきだ。
我喜歡足球。,彼は眠っている。
我喜歡土豆。,彼は外出しています。
我喜歡寒冷。,彼は強い。
我喜欢这只狗。,彼はばかだ。
我喜欢您的车。,すぐ参ります。
我住在羅馬。,いま、行きます。
我丢了我的钱。,さあ着いたぞ。
我愛這台車。,はい、着きました。
我可能会说是。,着きましたよ。
我必須幫助她。,元気ですか。
我需要个朋友。,元気？
我需要一名律師。,ご機嫌いかが？
我需要證據。,変だなあ。
我需要我的靴子。,私も行った。
我需要你在這裡。,私は双子です。
我只想要一件东西。,いま行くよ。
我买了单。,いま、行きます。
我打網球了。,私の方が背が高い。
我每天跑步。,お詫びします。
我说瑞典语。,御免なさい。
我和汤姆说了话。,すみません。
我跟她谈了话。,何とも言えない。
我教中文。,勝てない。
我想沒關係。,寒気がする。
我洗了澡。,寒いなあ。
我想要一把吉他。,僕はいい気分だ。
我想要那個袋子。,気分爽快だよ。
我想開車。,気分が悪い。
我吃惊了。,もう飽きたわ。
我希望你去。,私は疲れた。
我起得早。,犬は大嫌い。
我工作得太多了。,私は時間がある。
我会带酒来。,私は青色が好きです。
我絕不會停。,青が好きだ。
我是个侦探。,私はどちらも好きです。
我是一個外國人。,私はケーキが好きだ。
我是個夜貓子。,私は犬が好きです。
我快好了。,僕はジャズが好きだ。
我总是有事。,私はジャズが好きです。
我一直在這裡。,私はロックが好きです。
我在做白日梦。,私は雪が好きです。
我覺得精神很好。,私はこれが好きです。
我在变老。,私はここに住んでいます。
我是左撇子。,私は面目を失った。
我不嫉妒。,私は、面目丸潰れだ。
我不是认真的。,私は数学が大好きです。
我没时间了。,私はロックが好きです。
我挺忙。,僕はこれを作った。
我相当高。,失敗した。
我真的好忙。,助けてください。
我真的冷。,寝過ごしちゃった。
我还饿着呢。,私はＵＦＯを見ました。
我很餓。,犬を見かけました。
我很寂寞。,犬を見たんだ。
我已經受夠了。,ガスの臭いがする。
我已經吃飽了。,降参します。
Tom是加拿大人嗎?,私は彼を信用しています。
他在呼吸嗎?,任せるよ。
全都在那裡嗎？,信じているよ。
还有多余的盐吗？,私はメアリーが欲しいです。
她是日本人嗎？,もっと欲しい。
這是一條河嗎?,これが欲しい。
那是我的吗？,仕事クビになった。
由你來決定。,私は疲れた。
下了很多的雪。,私は疲れていた。
真糟糕。,私が間違っていました。
它很遠。,私が間違ってました。
天要变多云了。,私も行った。
这是个死胡同。,お手伝いしますよ。
那本書是一本新書。,泣くもんか。
今天天氣很好。,死ぬもんか。
这是一个惊喜。,嘘などつくもんか。
快要六點了。,出席します。
已经是11点了。,僕は中に入ろう。
今天天气很好。,私が出ます。
這是不可能的。,私はパン屋です。
午餐時間到了。,私は看護師です。
你可以走了。,私は女だ。
在那里。,私は女性です。
該走了。,僕は家にいるよ。
是該離開的時候了。,僕は注意深い。
耶穌愛你。,確かだよ。
保持微笑。,そのことを確信している。
繼續工作！,俺は気が小さい。
不用找零钱了。,僕は意気地なしだ。
"很大, 不是嗎?",私は好奇心旺盛なのです。
檸檬是酸的。,ワクワクするなあ。
讓我一個人去。,断食中です。
讓我看看。,目が回るほど忙しいよ。
讓他們決定。,私は体は健康です。
讓我們吃壽司吧。,私は服役中だ。
讓我們坐公共汽車去。,私はついている。
我們別吵了。,羨ましいなあ。
我们掉头吧！,冗談だよ。
看天上。,それじゃお先に失礼します。
瞧你身後。,今から行くよ。
把它弄小一點。,私は結婚しています。
我现在能走了吗？,僕は馬鹿なんかじゃないぞ。
我能试一下吗？,私は英雄などではない。
也许下一次吧。,私、嘘つきじゃないもん。
男人应该工作。,私はトムじゃない。
聖誕快樂。,悲しくなんかない。
妈妈，我肚子饿了。,私は内気ではない。
我爸爸走路。,僕は我慢強いたちだ。
我家很大。,私って自己中だな。
永远不要说永远。,本気だよ。
没有人迟到。,もう満腹です。
不，我沒去。,お腹がぺこぺこです。
把瓶子打开。,おなかがすいて死にそうだ。
把嘴张开！,ものすごくお腹がすいている。
請安靜。,超腹減った。
请继续。,めっちゃお腹すいた。
請坐下。,お腹がいっぱいです。
戴上你的帽子。,私がここの最高責任者です。
對毒品說不。,俺がルールブックだ。
嚇人，不是麼？,喉が渇いた。
我们7点左右碰头。,のどが渇いた。
今晚見。,喉がかわいた。
她冷靜下來。,のど渇いた。
她消失了。,閉じ込められてしまった。
她举止优雅。,ついてないや。
她轉移了視線。,俺って役立たずだな。
她看起来很年轻。,心配だわ。
她弄丟了一本書。,トムは戻っていますか？
她嫁给了他。,トムは忙しいでしょうか？
她把他叫醒了。,トムってカッコいい？
她努力地工作。,トムってかわいい？
她是我的姊妹。,トムおわた？
她在节食。,トムっていいヤツ？
春天到了。,トムはここにいますか？
這隻狗很大。,トムってバカ？
感觉良好。,トムは無事だろうか。
這不公平。,トムは正気なんだろうか。
那不好聞。,トムは病気なの？
那是不公平的。,トムは元気してる？
那太简单了。,彼は正しいですか。
那是很大的。,これ、トムのですか？
他是个好孩子。,これってきれいかな？
叶子落了。,分かりますか？
灯亮着。,これって汚いかな？
出租车到了。,霧が出ていますか？
不急。,霧は出ていますか？
没有盐。,それって合法的なんだろうか？
他们都做了。,それ、あなたの？
它们是瓜。,あれはトムかな？
他們賣糖果。,話はそれだけ？
这本书是新的。,それで全部？
这是我的自行车。,そんなのありえないよ。
这是我的书。,それは30ドルする。
这是我的妻子。,私のおごりだ。
這是結束。,それは僕のおごりだ。
這個太大了。,今日は私が。
这是典型的。,雨が降るかもしれない。
这不好。,雪が降るかもしれません。
这不是爱。,寒かった。
吃饭时间到了。,冷たかった。
湯姆也說話了。,暗かった。
汤姆什么都没做。,簡単だった。
汤姆不见了。,そうなる運命だったんだよ。
汤姆睡着了。,５０円です。
汤姆觉得饿了。,月曜日です。
汤姆没有时间。,今日は月曜ですね。
汤姆拥抱了玛丽。,よし、それで手を打とう。
汤姆是种族主义者。,それは贋物よ。
湯姆在逃跑。,冗談ですよ。
汤姆在笑。,冗談だよ。
汤姆在游泳。,それは壊れている。
湯姆沒有說謊。,曇っています。
汤姆住在这里。,皮肉だな。
汤姆看来难缠。,鍵がかかっている。
湯姆留在家裡。,それが仕事です。
汤姆是个护士。,それは私の仕事です。
汤姆在家的。,そんなものだよ。
汤姆被欺负了。,それは秘密です。
汤姆挺受欢迎。,随分と大きいな。
汤姆在啜泣。,至急お願いします。
湯姆浪費時間。,緊急です。
湯姆戴假髮。,飛び越えろ！
湯姆出國了。,とにかく起きろ。
关闭电视机,まあ試してごらんよ。
走路小心。,トムにやらせてあげて。
小心脚下。,手伝わせて。
我們逃不出去。,私に知らせて。
我们没时间。,ご一報ください。
我們想知道。,さぁ始めましょう。
我们是朋友。,さあ、始めましょう。
我们很担心。,始めましょう。
我們是加拿大人。,さあ踊ろう。
我们必须走了。,さあ飲もうじゃないか。
我們失去他們了。,急ぎましょう。
太惊喜了!,さあ、みんなで盛り上がろう！
汤姆能做什么？,リラックスしよう。
他说了什么？,さぁ始めましょう。
我們要什麼？,始めましょう。
少了什么？,始めましょう。
几点了？,人生は楽しい。
現在幾點？,トムを見てごらん。
幾點了？,彼を見て。
怎么了？,よく見て。
你怎么了？,願い事をして。
我們什麼時候可以吃？,本当にありがとう。
馬尼拉在哪裡？,始めていい？
我父亲在哪里？,煙草を吸ってもいいですか？
我的妻子在哪裡？,金がものを言う。
那男人是谁？,誰も来なかった。
这个男孩是谁？,誰も死ななかった。
谁喜欢豆子？,誰も来なかった。
誰在玩？,誰も死ななかった。
我們為甚麼失敗了？,誰も知らなかった。
你为什么哭？,さあ家に帰りなさい。
你為什麼哭？,さあ、進んで、進んで。
为什么现在做那个？,じゃあ今度はあなたがやってみて。
狼嚇到了我。,一つは青。
你可以進來。,日にちを選んで。
你能告诉我们。,来て下さい。
你看上去很傻。,お待ちください。
你必须选择。,私のために祈ってて。
你最好走。,元の場所に戻して。
你会迷路的。,トムを釈放しなさい。
你是人。,彼を釈放して。
你真是太對了。,何も言うな。
你真壞。,落ち着いて！
你很害羞。,彼女は彼に噛みついた。
你们被骗了。,彼女は彼を噛んだ。
您被骗了。,彼女は彼をぶった。
你的時間到了。,彼女は親切だ。
“看啊！” 她说道。,彼女はやさしい。
事故發生。,この子は犬よ。
接电话。,あの女は不細工だ。
你是日本人嗎？,あの女は実にセクシーだ。
你是医生吗？,私は行くべきでしょうか。
你是个术士吗？,どうやってやるのか教えて。
現在你們忙嗎？,動かないで！
現在您忙嗎？,じっとして！
你结束了吗？,寝てなさい。
你們是學生嗎？,泣くのはよせよ。
你們學習嗎？,休息しろ。
你不快樂嗎?,トムに「ダメ」と伝えて。
问他一下他的名字。,そういうことだったのか！
最终，他来了。,うまくいった。
我能休息一会儿吗？,それはいいね。
我能在這裡睡覺嗎？,無料です。
有人会开车吗？,彼らは電話した。
这个能吃吗？,彼らは踊った。
你能救汤姆吗？,彼らは笑った。
闭上你的嘴。,彼らは待った。
现在就跟我来。,彼らは歩いた。
你试过吗？,彼らは叫んだ。
你见过汤姆了吗？,トムは赤くなった。
你可以隨心所欲。,トムは拍手した。
你有电视吗？,トムは逃げた。
你們有小孩嗎?,トムは気を失った。
你喜欢雪吗？,トムは眉をひそめた。
你住這裡嗎?,トムは太った。
你需要幫助嗎？,トムは怒った。
你拥有枪支吗？,トムは腹を立てた。
你相信她嗎?,トムは楽しんだ。
你想要更多嗎？,トムは勝った。
你們要米飯嗎？,トムは格好いい。
別開玩笑了。,トムは死んだ。
您不必感谢我。,トムは足が速い。
喝這果汁。,トムは親切だ。
每個人都在笑。,トムが遅刻している。
每個人都看見了。,トムは怠け者。
所有人都注意到了。,トムは貧しい。
像男人一样战斗！,トムは足が遅い。
為了什麼目的？,トムは弱い。
上马。,トムは元気。
給湯姆一把椅子。,トムはひざまずいた。
給我這本書。,トムは笑った。
把书给我。,トムに振られちゃった。
直接回家。,トムは聞く。
上楼。,トムは気が付いた。
你想走的时候就走吧。,トムは前払いした。
他触犯了法律。,トムは断った。
他能讀得很好。,トムはリラックスした。
他着凉了。,トムは引退した。
他感冒了。,トムはやあと言った。
他最近去世了。,トムは大声で叫んだ。
他有長頭髮。,トムはくしゃみをした。
他聽到了叫聲。,トムはやめた。
他是一个高大的男孩。,トムは教える。
他是義大利人。,トムは死にかけている。
他有麻烦。,トムは幸せだ。
他不是傻子。,トムは嘘をついている。
他还在这儿。,トムのほうが年上です。
他非常生气。,トムの言うとおりだ。
他很勇敢。,トムは頭がいい。
他不在家。,トムは頭が良い。
他刚回到家。,あれ着てみて。
他喜歡釣魚。,あれを試着してごらん。
他喜欢打猎。,これ着てみて。
他喜欢橙子。,これを試着してごらん。
他酷爱钓鱼。,振り向いて。
他一定很愛你。,それ消して。
他畫了一隻狗。,トムを起こしてきて。
他打了网球。,私たちは男です。
他關上了門。,僕らはこれをやった。
他對我們說了一個謊。,私たちは幸福です。
他戴眼鏡。,残念だ！
他破产了。,かわいそうに！
他写阿拉伯文。,残念！
他在她的旁邊。,何ですか。
他刚来这镇上。,それは何ですか。
他是你的朋友。,あれは何ですか。
这是账单。,それ何？
你的袋子在這裡。,何ですか。
你好嗎，湯姆？,これ何？
湯姆怎麼知道？,トムはどこ？
我怎样报名参加呢？,次は誰。
你太太怎么样？,そこにいるのは誰だ。
這有多長？,それ、誰の？
這是多少？,どうしてでしょう。
你多高？,木が浮く。
你多高?,はい知っています。
食物怎麼樣？,君が行くのだ。
你們好嗎？,馬鹿だな、おまえ！
我同意他。,馬鹿だな、おまえら！
我差點被淹死。,お前ってひでえ野郎だ。
我總是在外面吃飯。,年相応にふるまえ。
我有點醉了。,あたりは静かだ。
我在吃米饭。,私、正しい？
我不是巫婆。,誰かケガした？
我不好奇。,誰か怪我した？
我是你爸爸。,何かあった？
我相信你。,暇ですか？
我打賭湯姆忘了。,いる?
我買了一只手錶。,君は家にいますか。
我聽不到你的聲音。,道に迷ったんですか。
遇不到你。,大丈夫ですか？
我搆不到它。,本当？
我記不得了。,本気？
我想不起來。,元気？
我不能忍受。,冷徹であれ！
我收集郵票。,牛肉にしてください。
我能看見。,ビーフをお願いします。
我無法入睡。,卵を一つ茹でてよ。
我睡不著。,来られますか。
我没有喜欢过。,君は泳げますか。
我不是这个意思。,泳げますか。
我没见到他。,あなたは泳ぐ事が出来ますか。
我真的原谅汤姆。,歩ける？
我没有疑问。,見に来て。
我不認識她。,いつでも来て。
我不喜歡她。,すぐに来て下さい。
我不喜欢喝茶。,助けに来てください。
我不喜欢你。,早く来い。
我不記得了。,早く来なさい。
我不想要你。,早く来なさい。
我覺得我病得很厲害。,早くおいで。
我过了难挨的一天。,私といっしょに来なさい。
我讨厌化学。,私と来て。
我有条大狗。,私について来て。
我有辆新车。,さあ、一緒に来いよ。
我問過他。,いっしょに来なさい。
我没有借口。,私達と一緒に来なさい。
我必须拒绝。,いいかげんにして。
我希望湯姆輸。,トムから電話があった？
我知道它有困難。,おかしくない？
我知道真相。,変じゃない？
我喜歡巧克力。,月曜日にしなさい。
我喜歡流行音樂。,月曜日にして。
我喜歡紅色的玫瑰。,お酒は飲みますか。
我喜歡旅行。,お酒は飲まれますか？
我喜歡旅行。,あなたは酒を飲みますか？
我喜欢你们的城市。,煙草を吸いますか。
我喜欢你的房间。,たばこは吸いますか。
我住在這附近。,俺に聞くなよ。
我爱这首歌。,怒るなよ。
我犯了一個錯。,怒らないで。
我讓她生氣。,悲しまないで下さい。
我自己做的。,人をからかわないで。
我非常想你。,うつむかないで。
我需要更多时间。,気をつけて運転してください。
我在一個樂團裡演奏。,安全運転してください。
我仍然爱着她。,安全運転してくださいね。
我依旧爱着他。,安全運転してね。
我試著微笑。,安全運転しなさい。
我也要牛肉。,安全運転でお願いします。
我要多很多。,ゆっくり運転しなさい。
我要你去。,幽霊は存在する。
我要你的愛。,それ取って。
我沒有在吼。,時間をください。
我写了一封信。,こんばんは。
我不会做任何事。,良かったですね。
我會在這裡把它吃了。,まあ一杯飲んで。
我會游泳。,彼は居眠りをした。
我今晚有空。,彼は腹をたてた。
我只是隨便看看。,彼は腹を立てた。
我不是乞丐。,彼は怒った。
我不是醫生。,彼は車を持っている。
我現在不忙。,彼は犬を飼っている。
我没那么勇敢。,彼は彼女を手伝います。
我不是老闆。,彼は詩人だ。
我站在你这边。,彼は眠っている。
我以你為榮。,彼は外出しています。
我累死了。,彼はそれを蹴飛ばした。
我在家裡待著。,彼は家をでた。
我还很困。,彼は面目を失った。
我很渴。,彼は彼女に恋している。
我弄丟了我的筆。,彼は彼女が好きだ。
如果不是现在，那是什么时候？,彼は速く走る。
她是正确的吗？,彼は走るのが速い。
那是你的車嗎?,彼は病気らしい。
門開著嗎？,彼は病気のようだ。
工作困難嗎？,彼は成功した。
這是你的車嗎?,彼は一人ぼっちだった。
這是你的筆嗎？,彼は勇敢だった。
开始下雪了。,彼は運が良かった。
開始下雪了。,彼は来るだろう。
那不可能是真的。,彼は歩くつもりだ。
它是一個晴朗的日子。,彼は今いません。
这是一笔不错的交易。,おい、待てよ！
这是个好主意。,ちょっと、待ってよ！
那是一朵向日葵。,学校はどう？
真的很冰冷。,どう、学校は？
難講喔。,学校はどうですか？
只是感冒而已。,どうですか、学校は？
这没什么大不了的。,私は中国人です。
這不是手錶。,私は看護師です。
它在沙發上。,私は女だ。
還早呢。,私は女性です。
吃晚飯的時間到了。,私は好奇心旺盛なのです。
它很正常。,仕事中です。
这很简单。,謝った。
日本在亚洲。,私はキャビアを食べた。
别让狗进来。,私はトムに電話した。
来商量吧。,彼に電話した。
讓我們放風箏。,私は泳げません。
我們進屋吧。,私は話すことができない。
讓我們搭公車吧。,見たよ。
我们试试。,ちっとも構いませんよ。
仔细听着。,気にしていないよ。
聽我說，好嗎？,知らない。
把这封信寄了。,知りません。
做出您的選擇。,俺は知らないよ。
火星是一顆行星。,わかりません。
我们能在这里游泳吗？,私は構いませんよ。
我的相簿在這裡。,私は牛乳を飲みました。
我的猫看上去很悲伤。,楽しかった。
我家在這裡。,生きていることを実感する。
我胃痛。,気持ちが悪い。
很高興認識你。,最悪の気分！
没有人喜欢战争。,めまいがします。
没人会讲。,なんとなく変な気分。
一分耕耘，一分收穫。,絶好調です！
沒人知道為什麼。,元気です。
没有人喜欢战争。,私は幸福です。
什麼事都沒有發生。,私は幸せだ。
请给我盐。,私は幸せに感じる。
麻煩拷貝這個。,疲れたー。
請不要問。,捕まりました。
請讓我走。,私はいぶかしく思った。
請允許我去。,私は疑いを持った。
把箱子放下。,私は疑問を抱いた。
她开始哭泣。,私は疑問を感じた。
她看不起他。,私は疑問を持った。
她不喜歡他。,私は疑問に思った。
她是女教师。,私は疑念を抱いた。
她跟我生气了。,嘘つきは嫌いです。
她在节食。,私は犬を飼っている。
她不停地工作。,息子が一人います。
她穿上袜子。,予定があるんだ。
她停下來抽煙。,行かなくちゃ。
她晉升了。,行かないと。
有人說謊。,そろそろおいとましなければなりません。
對不起我來晚了。,私には双子の子供がいる。
夏天已經結束。,音楽が聞こえる。
游泳很容易。,彼女を抱きしめた。
跟我讲讲那件事。,私は引っ越してきたばかりです。
那是一支铅笔。,私は犬を一匹飼ってます。
那是有道理的。,私はチェスが好きです。
那不好。,僕は女の子が好きです。
那是可避免的。,私は音楽が好きです。
那是我們的房子。,寿司が好きです。
这正是问题的关键。,私は旅行が好きです。
那太稀少了。,旅行が好きです。
盒子裡面沒有東西。,さみしかったよ。
汽车准备好了。,勉強しなくっちゃ。
谢幕了。,タクシーをつかまえないと。
這隻狗快要死了。,仕事が必要だ。
火熄灭了。,少し眠らないと。
那人沒穿衣服。,ぼくはお金がいる。
天空很晴朗。,睡眠をとったほうがよさそうだ。
风暴减弱了。,行かなくちゃ。
這口井乾涸了。,私は気を失いました。
有風險。,彼に電話した。
毫无疑问。,私はピアノを弾きます。
没有糖。,読書家のほうです。
沒有水。,そう思いますよ。
他們沒死。,私ってお喋りなの。
他们喜欢苹果。,敢えてやってみた。
他们害怕了。,敢えて危ない橋を渡ることにした。
他們要殺你。,頑張ってはみたんだ。
他们是孩子。,了解しました。
她们是孩子。,分かってるよ。
这本书是新的。,分かってる。
这个男孩子很懒。,分かった！
这是839号房间。,なるほど。
這是一支鉛筆。,わかったぞ！
這個不行。,わかります。
这不安全。,分かる。
这是最好的。,分かりました。
这是你的狗。,了解です。
這是您的鑰匙。,仕事が欲しい。
这不是钱。,たくさん欲しい。
這個是你的。,事実が知りたい。
今天三號。,お金が欲しい。
湯姆買了輛車。,これが欲しい。
Tom可以跑得很快。,だから言ったでしょ。
湯姆不能開車。,おなかが空いた。
汤姆又做了一次。,意気地がなかったんだ。
Tom喝果汁。,負けない！
汤姆瞥了一眼就移开目光了。,誰かしら。
Tom沒有錢。,なぜなんだろう。
湯姆擊出三壘安打。,トムに訊いてみようっと。
湯姆弄傷了自己。,トムに聞いてみます。
湯姆是個胖子,トムにお願いしようかな。
湯姆是個學生。,トムに頼むことにします。
湯姆是藝術家。,私からトムにお願いしておきます。
汤姆是个骗子。,また戻ってきます。
湯姆有危險。,また来ます。
湯姆是我的朋友。,大丈夫です。
汤姆人很好。,ここにいるよ。
汤姆不是傻瓜。,遅れます。
湯姆不是英雄。,遅刻します。
汤姆喜欢热的。,遅くなります。
湯姆丟了工作。,僕がやります。
湯姆看了文件。,僕がやります。
汤姆努力学习。,訴えてやる！
汤姆走得很慢。,これ、買います。
湯姆會做。,私は医者です。
湯姆會接受。,私は医師です。
再試一次。,私は今忙しい。
把煤气关了！,今は忙しい。
向左转。,今、忙しいの。
在我前面走。,今、手がはなせません。
我們接受支票。,ちょうど今は忙しい。
我们可全指望你了。,私は十八歳です。
我们可全靠你了。,おなかがすいて死にそうだ。
我们打算赢。,ものすごくお腹がすいている。
我們有兩隻耳朵。,超腹減った。
我們幫助窮人。,お腹すいて死にそう。
我們才剛搬進來。,もう大丈夫です。
我們住在一起。,私は今暇です。
我们比赛输了。,二日酔いだ。
我們可能需要一些。,僕はパースにいます。
我們需要湯姆回來。,私は無実だ。
我们必须走了。,俺は無実だ！
我們從不放棄。,妊娠しています。
我们谈谈比较好。,本当にごめんなさい。
后会有期。,お気の毒に。
我們會保持安靜。,おなか空いた！
我们过一会再谈。,おなかがすいて死にそうだ。
我們都餓了。,ものすごくお腹がすいている。
我们是同学。,超腹減った。
我们在高兴地玩。,お腹すいて死にそう。
我們很匆忙。,おなかがすいて死にそうだ。
我們很急。,ものすごくお腹がすいている。
我們不傻。,超腹減った。
多好的主意啊！,めっちゃお腹すいた。
她说了什么？,お腹すいて死にそう。
她說了什麼?,僕はすごく太ってる。
你買了什麼？,疲れたなあ。
您有什么？,もうくたくただよ。
你知道什么？,くたくたに疲れた。
你做什麼？,決めました。
你想要什么？,私はそれを見たのです。
它是關於什麼?,見たことがあります。
我该做什么？,本当？
什麼吵醒你了?,本当なの。
她在做什麼？,それ本当？
你叫什么名字？,恋かな？
您叫什么名字？,ひょっとして、これって恋かしら?
叫什麼名字?,これ、私のですか？
我的書在哪？,それは本です。
我的位子在哪儿？,そう悪くはない。
老闆在哪裡？,夜だった。
你的狗在哪里？,うまくいった。
誰決定了那件事？,そんなの無駄だよ。
誰找到了我的包？,すごいですね。
哈姆雷特是誰寫的？,すごいじゃない！
輪到誰了？,素晴らしいですね。
你為什麼在這？,寝る時間よ。
你為什麼辭職？,寝る時間ですよ。
你會參加嗎？,これはゴミです。
冬季快來了。,雹が降っています。
你脸红了。,笑い事ではない。
你无法说“不”。,そう悪くはない。
你得行動了。,何でもない。
你有必要了解。,見るからに明らかだよ。
你不應該去。,完璧だ。
你缺乏耐心。,完璧！
你擋住了我的路。,雨が降っている。
你不是歌手。,雪がふっています。
我反应过度了吗？,雪が降っています。
他們是學生嗎？,かっこいいな。
你是學生嗎？,かわいいなー。
你們都準備好了嗎?,ずいぶんと暗いな。
你现在高兴吗？,簡単、簡単。
你闻吗?,難しいわ。
对他人要友善。,ずいぶんと珍しいですね。
小心狗！,妙だな。
注意小偷。,これは自殺ですよ。
鸟儿筑巢。,法律ですから。
叫救护车。,大きすぎるわ。
我可以吃一口嗎？,遠すぎるわ。
我能试一下吗？,暑すぎ。
我们能信任他们吗？,暑くてかなわんわ。
你能冷冻它吗？,暑すぎる。
你能跳绳吗？,古すぎるわ。
给我香槟，谢谢。,動いてる、動いてる。
從中選擇一人。,トムに聞いてごらん。
聖誕節快到了。,まあ落ち着け。
收拾房间。,まあ冷静になれよ。
快來這裡。,とにかくやれよ。
来吧，快一点。,とにかく失せろ。
来吧，我们一起去。,とにかく家に帰りなさい。
来吧，摸一下。,ちょっと手伝って。
来吧，相信我。,うんと言ってよ。
您会告诉我吗？,いいから黙って。
發牌給我們。,とにかくやめろよ。
你借它了吗？,まあ受け取って。
你有買果汁嗎？,踊り続けて。
我需要做手术吗？,そのまま掘り続けて。
你相信我吗？,読み続けて。
你喝啤酒吗？,走り続けて。
你觉得幸运吗？,歌い続けて。
你覺得累嗎？,笑顔を絶やさないで。
你有车吗？,話し続けて。
您有车吗？,トム、遅れないでついてきて。
你有地圖嗎？,歩き続けて。
你喜歡果汁嗎？,働き続けなさい。
你喜欢音乐吗？,書き続けて。
你爱音乐吗？,やめなさい。
你爱音乐吗？,いいかげんにして。
你明白了嗎?,トムに知らせろ。
別讓湯姆死了。,トムを生かしておけ。
别让我失望。,トムを休ませてやりなさい。
不要拉我的腿！,私から手を離せ！
別對著我吼。,私にやらせてください。
不要碰這些。,ちょっといいですか？
地球是一個行星。,ちょっと考えさせて。
每个人都好。,食事に行きましょう。
大家笑了。,そろそろ行きましょうか。
大家都認識我。,さあ出かけよう。
大家都还行。,聞こう。
一切都很糟糕。,行くのはやめよう。
歡迎留下來。,見直しをしようじゃないか。
进你的车里。,人生は苦なり。
把这本书给她。,人生は短い。
上帝保佑美国。,私の言うことを聞きなさい。
神無處不在。,あれを見て！
钟响过了吗？,これ見て。
欲速則不達。,これを見て。
他開始喊叫。,よく見て。
他賣了一台豐田的車。,当ててみて。
他亲自来了。,メアリーが入ってきた。
他來看我了。,メアリーはクックッと笑った。
他不能幫你。,メアリーは背が高い。
他不能游泳。,お話し中すみません。
他昨天去世了。,男だって泣くことくらいあるさ。
他没听。,そーっと動かしてね。
他有些鋼筆。,腕が痛む。
他有七个儿子。,目が痛いです。
他有三个儿子。,目が痛い。
是他自己做的。,目がかゆいです。
他是一個怪人。,足が痛い。
他是美国人。,あごが痛い。
他在她的旁邊。,足が痛い。
他不过是个孩子。,足が痛い。
他在看电视。,誰も気にしやしないよ。
他喜欢睡觉。,誰にも分からない。
他给我做了套衣服。,誰も口を開かなかった。
他劃了一根火柴。,それは誰にも分からない。
他出国留学了。,さあ飲み干して。
他把球扔了。,さあ楽しんで。
他說了實話。,さあ行こう。
他转动钥匙。,さあ横になって。
他会回来的。,さあ座って。
他赢得一切了。,箱を開けて。
他写了一封信。,落ちついて。
他有点活泼。,どうぞ続けて。
他還沒到這裡。,頼むから、急いで！
他非常生气。,急いでください。
毫無希望，白費心思。,出ていけ。
这是账单。,落ちつけよ。
這是你的書。,手前にひいて開けてください。
这是找零。,そこに置いて。
你們好嗎？,もう一度言って。
它有多複雜？,またすぐ会おうね。
我怎麼知道？,さようなら。
我怎麼知道?,ではまた近いうちに！
你的测验怎么样？,ではまた近々。
你的旅行怎么样?,ではまた近々。
我同意。,じゃあまた。
我同意她。,トムを放せ。
我是記者。,恥を知れ！
我是素食主义者。,この恥知らず！
我喜歡車。,恥を知りなさい！
我在家裡。,恥を知れ！
我在右邊。,色っぽい女性。
我现在正在学习。,いい女だ。
我每天都洗澡。,彼女は８才だ。
我相信爱情。,彼女は八つだ。
我買了那輛車。,彼女は幸せです。
我可以安慰她。,彼女はついている。
我可以獨自做。,彼女は運がいい。
我会开车。,彼女は無口です。
我幾乎不能走路。,物静かな人だな。
我會彈蕭邦。,彼女は間違っている。
我會踢足球。,彼女のいうことは間違っている。
我會打網球。,あの子はまだ若い。
我受不了他。,彼女は私を知っている。
我是从中国来的。,彼女はそれが好きでした。
我没觉得不好。,彼女は来るかもしれない。
我不接受。,彼女はそれが必要です。
我不怪你。,彼女は彼を訴えた。
我不吃面包。,彼女は外出した。
我感觉不舒服。,それを見せて。
我不喜欢吃鸡蛋。,誰かがやってきた。
我不喜欢鸡蛋。,小さい声で話してください。
我不喜欢小孩。,君は家にいなさい。
我不喜欢。,読むのを止めなさい。
我不喜欢红酒。,たばこを吸うのをやめなさい。
我不後悔。,車を止めて。
我给了你一本书。,無理しないでね。
我被蜜蜂蛰了一下。,落ち着けよ。
我把我的頭髮剪了。,落ち着いて。
我7点起床了。,落ちつけよ。
我做噩梦了。,落ちついて。
我弄丟了我的筆。,無理しないでね。
我恨蚊子。,もっと気楽に生きなよ。
我有一台电脑。,落ち着いて！
我有一个女儿。,本当にありがとう。
我头痛。,本当にありがとう!
我有個提案。,ほんとありがとう。
我有一個意見。,あれが私のです。
我有许多唱片。,そんな馬鹿な。
我没有朋友。,それはすごい。
我该回家了。,それは私のCDです。
我没改变。,その通り！
我没有遇见她。,その通り！
我希望能见到你。,そういうことです。
我喜歡爵士樂。,そうです。
我喜欢短发。,変なのー。
我很喜歡雪。,違う。
我喜欢你的房子。,彼らは応援した。
我喜欢你的鞋子。,彼らは逃げた。
我的行李丢了。,彼らは笑った。
我需要很多書。,彼らは断った。
我需要更多的錢。,彼らはリラックスした。
我该回家了。,その人たちが私を撃ったんです。
我扯掉了自己的裤子。,彼らはここにいる。
我坐在他旁边。,彼らなら、ここにいるよ。
我看見了他跑步。,これ、可愛いな。
我看了日出。,これは食べ物です。
我該高興。,無料です。
我在学校读书。,これ無料です。
我和汤姆说了话。,これは本当です。
我認我會留下。,トムは承認した。
我想我是對的。,トムはキャンセルした。
我走58號高速公路。,トムは終わった。
我试图逃跑。,トムは忙しくなった。
我通常在外面吃饭。,トムは私のことが大嫌いなんです。
我想让汤姆赢。,トムは主張した。
我要多很多。,トムはクレイジーだ。
我要回家。,トムは頭のネジが飛んでいる。
我很想家。,トムはきちがいだ。
我很饿。,トムは死にかけている。
我继续阅读。,トムは幸せだ。
我會盡力而為。,トムは重い。
我希望我可以去。,トムは嘘をついている。
我在2:30起床。,トムは頭がいい。
我中奖了。,トムは頭が良い。
我為一家銀行工作。,トムはストイックだ。
我工作數小時。,トムはいません。
我擔心他。,トムがいません。
我自己写了它。,トムは聞いた。
我写了这本书。,トムは私を必要としています。
我想要跳舞。,トムは約束した。
我要戴頭盔。,トムは家に走りました。
我會晚一點回來。,トムは退職した。
我會自己走。,トムは座った。
我來付賬。,トムは彼らを見かけた。
我會告訴我的妻子。,トムは肩をすくめた。
我是个新生。,トムは家にいた。
我能说。,トムは怪我を負わされた。
我不擅長運動。,トムは遅い。
我很有耐心。,トム、起きなさい！
我要输了。,もう１度やってみなさい。
我不是學生。,あり得ねぇー。
我不太聰明。,トム、起きなさい！
我站在湯姆一邊。,私たちは幸福です。
我全身酸痛。,僕らは死ぬかもしれない。
我還不明白。,僕らはこれを作った。
我在用Twitter。,俺ら、寝坊したな。
汤姆是好人。,わたしたち、寝過ごしちゃったみたい。
那是純金嗎？,成功だ！
浴室干净吗？,降参します。
聚會結束了嗎？,何ですか。
這是你的書嗎？,それは何ですか。
没关系。,あれは何ですか。
這不是手錶。,それ何？
这很简单。,何ですか。
今天有风。,これ何？
它是我們的秘密。,我々はどこにいますか？
这是一个好的开端。,誰がそれを造ったのですか？
都是我的错。,誰がトムに話したの？
已经是早上七点了。,なぜ今やめる？
这是机密。,年月が経った。
这里够热。,遅刻したね。
它是人的天性。,あんた金持ちだね。
它是我兄弟的。,大丈夫だよ。
不是我的错。,君たち、ラッキーだなあ！
不是那么远。,嘘つけ。
这是免费的。,嘘おっしゃい。
这是我们的荣幸。,嘘つけ！
它真重。,あなたは正しい。
這是不證自明的。,おっしゃる通りです。
到談話的時間了。,おまえ、変わってるな。
它很特別。,あんた変だよ。
這裡是溫暖的。,若いなあ。
靠右侧通行。,蒲団を干して下さい。
讓我們開始吧。,質問はありますか？
让我们开始吧。,他に何かありますか。
干活吧。,怒ってるの?
去踢足球吧。,起きてる？
讓我們握手吧。,気は確かか。
讓我們看看吧。,気は確かかい?
我们休息一下吧。,あなたは幸せですか？
生活是美丽的。,用意はいいかい。
人生良苦。,準備できてる？
好久不見。,準備はできましたか?
真是好久不见啊,疲れた？
看著我的眼睛。,もう一回トムに訊いてみて。
我可以把它放在这儿吗？,卵をよくかき混ぜます。
我爸爸很忙。,猛犬注意！
我的笔记本电脑发生故障了。,男の子達は速く走る。
我肩膀痛。,後で電話して!
我的胃是脹滿的。,あとで電話ちょうだい。
我吃得很飽。,警察を呼んで！
什么问题都没有！,理由聞いてもいい？
一点问题都没有！,入ってもいいですか？
没有任何问题!,私も行ってもいい？
接一下电话。,ぎゅーしていい？
请联系我们。,勘定お願いします。
请原谅我。,勘定書を頼むよ。
请重新考虑一下。,勘定書をお願いします。
請包起來。,勘定書を持ってきてくれ。
假装你是我。,お勘定して下さい。
熄灯。,お会計お願いします。
把手举起来！,お勘定お願いします。
用英语说。,お入りください。
替你们脸红啊。,トムから返事来た？
她开始唱歌了。,さっさとやりなさい。
她大声诅咒。,分かりますか。
她没有走远。,トムは知っているの？
她有蓝色的眼睛。,遅れるなよ。
她喜歡柳橙。,早く帰ってきなさいよ。
她喜欢橙子。,早く帰ってきなさい。
她看起来不幸福。,すぐ戻ってこいよ。
她看起來不快樂。,意地悪しないで。
她卖花。,無茶なことするなよ。
她上樓了。,失礼のないようにしなさい。
她痛哭。,これはしてはいけません。
她在浴室。,これをやっちゃだめだよ。
她是我女儿。,太っては駄目ですよ。
她不是小孩。,腹を立てるな。
我该帮你吗？,かっかしないで。
不要烦我。,かっかするなよ。
告訴我真相。,諦めないで。
那棟房子很大。,あきらめるな。
那栋房子很大。,諦めちゃ駄目だ。
那是可燃的。,諦めてはいけません。
那是你的書。,諦めないで。
那真是极好的。,降参するな。
那不好笑。,あきらめるな。
那是一隻野雞。,諦めちゃ駄目だ。
这不可能。,諦めてはいけません。
這是我的問題。,切らないで！
那是完美的。,切らないで！
这很方便。,私を憎むな！
浴缸已經準備好了。,急かさないで。
这只猫在吃东西。,偉そうな口をたたくな。
鐘停了。,生意気を言うんじゃない。